Genes,ID,Description,GeneRatio,BgRatio,pvalue,p.adjust,geneID
Down-regulated,GO:0006631,fatty acid metabolic process,89/1288,407/16743,7.037982942233458e-20,3.76954366386024e-16,Gcdh/Pex2/Ces1c/Slc27a5/Abcd3/Cyp2d26/Hacd2/Gpam/Echdc1/Cyp2c68/Cyb5a/Elovl6/Abcb11/Lonp2/Acadm/Acss2/Acot8/Insig2/Mgll/Adtrp/Ces1d/Plaa/Slc25a17/Acox1/Elovl5/Acsf3/Fabp1/Asah2/Ces2e/Slc27a2/Hacd3/Acsl5/Cd74/Cyp2c67/Apoc3/Erlin1/Hpgd/Daglb/Decr2/Eci1/Lpl/Pdk1/Acacb/Acnat2/Cyp2j5/Gstm4/Pecr/Scd2/Nudt7/Ces1e/Rgn/Tnfrsf1a/Lipc/Cyp2b9/Apoa1/Hsd17b10/Cyp4a32/Cyp2c29/Cyp2a12/Abcd1/Acaa1a/Cyp2e1/Ehhadh/Cyp2j6/Akr1c20/Cav1/Cyp2c39/Cyp4a10/Per2/Cyp2b10/Cd36/Ces2g/Fabp2/Ptgis/Slc27a1/Cyp2a22/Cyp2c70/Fabp5/Cyp2f2/Hao2/Cyp2c40/Cyp2c37/Cyp2c69/Cyp2c50/Ces1g/Ces2c/Elovl3/Cyp2c54/Cyp2b13
Down-regulated,GO:0033559,unsaturated fatty acid metabolic process,38/1288,116/16743,4.400894260707234e-15,1.0251017122984001e-11,Cyp2d26/Cyp2c68/Mgll/Plaa/Acox1/Ces2e/Cd74/Cyp2c67/Hpgd/Daglb/Decr2/Cyp2j5/Scd2/Tnfrsf1a/Cyp2b9/Cyp4a32/Cyp2c29/Cyp2a12/Abcd1/Cyp2e1/Cyp2j6/Akr1c20/Cyp2c39/Cyp4a10/Cyp2b10/Ces2g/Ptgis/Cyp2a22/Cyp2c70/Fabp5/Cyp2f2/Cyp2c40/Cyp2c37/Cyp2c69/Cyp2c50/Ces2c/Cyp2c54/Cyp2b13
Down-regulated,GO:0019373,epoxygenase P450 pathway,19/1288,29/16743,5.741794505032114e-15,1.0251017122984001e-11,Cyp2c68/Cyp2c67/Cyp2j5/Cyp2b9/Cyp2c29/Cyp2a12/Cyp2e1/Cyp2j6/Cyp2c39/Cyp2b10/Cyp2a22/Cyp2c70/Cyp2f2/Cyp2c40/Cyp2c37/Cyp2c69/Cyp2c50/Cyp2c54/Cyp2b13
Down-regulated,GO:0006805,xenobiotic metabolic process,36/1288,111/16743,3.285443401518211e-14,4.399208714632885e-11,Cyp2d26/Cyp2c68/Abcb11/N6amt1/Tpmt/Cyp2c67/Ugt1a1/Gstt1/Ahr/Cyp2j5/Fmo1/Gstm4/Ugt1a6a/Sult1b1/Cyp2b9/Cyp2c29/Nudt15/Cyp2a12/Acaa1a/Cyp2e1/Cyp2j6/Ugt1a6b/Cyp2c39/Cyp2b10/Cyp2a22/Cyp2c70/Cyp2f2/Cyp2c40/Cyp2c37/Ugt1a5/Cyp2c69/Cyp2c50/Sult2a8/Cyp2c54/Cyp2b13/Fmo3
Down-regulated,GO:0001676,long-chain fatty acid metabolic process,35/1288,111/16743,1.926029740258966e-13,2.0631630577654043e-10,Slc27a5/Abcd3/Cyp2d26/Cyp2c68/Elovl6/Mgll/Adtrp/Asah2/Slc27a2/Acsl5/Cyp2c67/Daglb/Cyp2j5/Gstm4/Cyp2b9/Cyp4a32/Cyp2c29/Cyp2a12/Abcd1/Cyp2e1/Cyp2j6/Cyp2c39/Cyp4a10/Cyp2b10/Cd36/Slc27a1/Cyp2a22/Cyp2c70/Cyp2f2/Cyp2c40/Cyp2c37/Cyp2c69/Cyp2c50/Cyp2c54/Cyp2b13
Down-regulated,GO:0006690,icosanoid metabolic process,36/1288,123/16743,1.0749324340046077e-12,9.595563527547797e-10,Cyp2d26/Cyp2c68/Mgll/Plaa/Acox1/Ces2e/Cd74/Cyp2c67/Hpgd/Daglb/Cyp2j5/Tnfrsf1a/Cyp2b9/Cyp4a32/Cyp2c29/Cyp2a12/Cyp2e1/Dpep1/Cyp2j6/Akr1c20/Cyp2c39/Cyp4a10/Cyp2b10/Ces2g/Ptgis/Cyp2a22/Cyp2c70/Fabp5/Cyp2f2/Cyp2c40/Cyp2c37/Cyp2c69/Cyp2c50/Ces2c/Cyp2c54/Cyp2b13
Down-regulated,GO:0044283,small molecule biosynthetic process,85/1288,499/16743,2.1058668162726524e-12,1.6112889525651894e-9,Ranbp2/Ppp4r3b/Shmt2/Prps1l3/Pex2/Htt/Aasdhppt/Ces1c/Slc27a5/Hprt/Abcd3/Coq5/Aldoa/Ptk2b/Hacd2/Dhcr24/Hif1a/Ubiad1/Lbr/Elovl6/Acadm/Acss2/Insig2/Mgll/Ces1d/Gpd2/Nt5e/Srd5a3/Pycrl/Ippk/Elovl5/Hmgcl/Acsf3/Bmp5/Asah2/Slc27a2/Fam3a/Fgfr4/Bhmt2/Fgf1/Hacd3/Cd74/Apoc3/Tm7sf2/Aprt/Erlin1/Daglb/Decr2/Dhcr7/Glul/Dkk3/Hmgcr/Lpl/Acacb/Hsd17b7/Pdss1/Coq10b/Cyp27a1/Rdh16f2/Gstm4/Pecr/Scd2/Pcx/Ces1e/Rgn/Lipc/Rbp1/Apoa1/Hsd17b10/Cyp4a32/Abcd1/Stard4/Aldh1a1/Akr1b3/Cyp4a10/Per2/Msmo1/Ptgis/Pltp/Fabp5/Bhmt/Ces1g/Elovl3/Mup1/Serpina12
Down-regulated,GO:0071466,cellular response to xenobiotic stimulus,41/1288,163/16743,6.967948566033815e-12,4.50199316133269e-9,Prnp/Cyp2d26/Cyp2c68/Rnf149/Abcb11/Gpld1/N6amt1/Tpmt/Cyp2c67/Ugt1a1/Gstt1/Ahr/Cyp2j5/Fmo1/Gstm4/Ugt1a6a/Sult1b1/Cyp2b9/Pde4b/Cyp2c29/Nudt15/Cyp2a12/Acaa1a/Cyp2e1/Dpep1/Cyp2j6/Ugt1a6b/Cyp2c39/Cyp2b10/Cyp2a22/Cyp2c70/Cyp2f2/Cyp2c40/Cyp2c37/Ugt1a5/Cyp2c69/Cyp2c50/Sult2a8/Cyp2c54/Cyp2b13/Fmo3
Down-regulated,GO:0008202,steroid metabolic process,61/1288,311/16743,7.83728772473721e-12,4.50199316133269e-9,Atp1a1/Lmf1/Pex2/Ces1c/Slc27a5/Mttp/Abcd3/Scarb1/Lamtor1/Dhcr24/Abca1/Ebpl/Igfbp7/Lbr/Abcb11/Insig2/Ldlr/Cln8/Ces1d/Hsd17b12/Bmp5/Armc5/Slc27a2/Pon1/Fgfr4/Fgf1/Ugt1a1/Apoc3/Tm7sf2/Erlin1/Cyp3a11/Dhcr7/Dkk3/Hmgcr/Hsd17b7/Cyp27a1/Rdh16f2/Ces1e/Sult1b1/Lipc/Cyp2b9/Apoa1/Hsd17b10/Acaa1a/Cyp2e1/Stard4/Akr1c20/Hsd17b2/Msmo1/Cyp2b10/Sqle/Pctp/Ugt1a5/Sult2a8/Ces1g/Sult1e1/Cyp2b13/Serpina12/Cyp3a44/Cyp3a16/Cyp3a41a
Down-regulated,GO:0042178,xenobiotic catabolic process,24/1288,62/16743,8.405513744086426e-12,4.50199316133269e-9,Cyp2d26/Cyp2c68/Cyp2c67/Ugt1a1/Cyp2j5/Gstm4/Cyp2b9/Cyp2c29/Nudt15/Cyp2a12/Acaa1a/Cyp2e1/Cyp2j6/Cyp2c39/Cyp2b10/Cyp2a22/Cyp2c70/Cyp2f2/Cyp2c40/Cyp2c37/Cyp2c69/Cyp2c50/Cyp2c54/Cyp2b13
Down-regulated,GO:0009410,response to xenobiotic stimulus,57/1288,288/16743,2.6341876181459677e-11,1.2826098984354367e-8,Atp1a1/Prnp/Ube2b/Rptor/Myo6/Ywhaz/Cyp2d26/Cyp2c68/Rnf149/Abcb11/Blmh/Gpld1/N6amt1/Kdr/Tpmt/Cyp2c67/Ugt1a1/Gstt1/Ahr/Cyp2j5/Fmo1/Gstm4/Mat2a/Tgfbr2/Ugt1a6a/Mmp2/Sult1b1/Cyp2b9/Pde4b/Cyp2c29/Nudt15/Cyp2a12/Acaa1a/Abcb1a/Cyp2e1/Aldh1a1/Dpep1/Cyp2j6/Akr1c20/Ugt1a6b/Cyp2c39/Cyp2b10/Cyp2a22/Cyp2c70/Cyp2f2/Cyp2c40/Cyp2c37/Ugt1a5/Mmp7/Ntrk1/Cyp2c69/Cyp2c50/Serpina7/Sult2a8/Cyp2c54/Cyp2b13/Fmo3
Down-regulated,GO:0019369,arachidonic acid metabolic process,24/1288,67/16743,5.793578695393542e-11,2.585867291043984e-8,Cyp2d26/Cyp2c68/Mgll/Cyp2c67/Daglb/Cyp2j5/Cyp2b9/Cyp4a32/Cyp2c29/Cyp2a12/Cyp2e1/Cyp2j6/Cyp2c39/Cyp4a10/Cyp2b10/Cyp2a22/Cyp2c70/Cyp2f2/Cyp2c40/Cyp2c37/Cyp2c69/Cyp2c50/Cyp2c54/Cyp2b13
Down-regulated,GO:0072330,monocarboxylic acid biosynthetic process,43/1288,195/16743,2.1611470914197417e-10,8.903926016649336e-8,Pex2/Htt/Ces1c/Slc27a5/Abcd3/Hacd2/Elovl6/Acss2/Insig2/Mgll/Ces1d/Elovl5/Acsf3/Asah2/Slc27a2/Fgfr4/Hacd3/Cd74/Apoc3/Erlin1/Daglb/Decr2/Lpl/Acacb/Cyp27a1/Rdh16f2/Gstm4/Pecr/Scd2/Ces1e/Rgn/Lipc/Rbp1/Apoa1/Hsd17b10/Abcd1/Stard4/Aldh1a1/Per2/Ptgis/Fabp5/Ces1g/Elovl3
Down-regulated,GO:0046394,carboxylic acid biosynthetic process,51/1288,277/16743,4.036226644077163e-9,1.544144993262663e-6,Shmt2/Pex2/Htt/Aasdhppt/Ces1c/Slc27a5/Abcd3/Hacd2/Elovl6/Acss2/Insig2/Mgll/Ces1d/Pycrl/Elovl5/Acsf3/Asah2/Slc27a2/Fgfr4/Bhmt2/Hacd3/Cd74/Apoc3/Erlin1/Daglb/Decr2/Glul/Lpl/Acacb/Cyp27a1/Rdh16f2/Gstm4/Pecr/Scd2/Ces1e/Rgn/Lipc/Rbp1/Apoa1/Hsd17b10/Cyp4a32/Abcd1/Stard4/Aldh1a1/Cyp4a10/Per2/Ptgis/Fabp5/Bhmt/Ces1g/Elovl3
Down-regulated,GO:0016053,organic acid biosynthetic process,51/1288,278/16743,4.5825364641937665e-9,1.6362710201481209e-6,Shmt2/Pex2/Htt/Aasdhppt/Ces1c/Slc27a5/Abcd3/Hacd2/Elovl6/Acss2/Insig2/Mgll/Ces1d/Pycrl/Elovl5/Acsf3/Asah2/Slc27a2/Fgfr4/Bhmt2/Hacd3/Cd74/Apoc3/Erlin1/Daglb/Decr2/Glul/Lpl/Acacb/Cyp27a1/Rdh16f2/Gstm4/Pecr/Scd2/Ces1e/Rgn/Lipc/Rbp1/Apoa1/Hsd17b10/Cyp4a32/Abcd1/Stard4/Aldh1a1/Cyp4a10/Per2/Ptgis/Fabp5/Bhmt/Ces1g/Elovl3
Down-regulated,GO:0010876,lipid localization,65/1288,399/16743,5.59412203532561e-9,1.872632351325248e-6,Cert1/Cptp/Arl8b/Prelid1/Ces1c/Stra6l/Slc27a5/Eprs/Mttp/Abcd3/Plekha8/Aqp9/Prelid3b/Scarb1/Tmem135/Lamtor1/Abca1/Gramd1c/Sigmar1/C2cd2l/Abcb11/Ldlr/Slc10a1/Bscl2/Ces1d/Slc25a17/Slc10a3/Slco2b1/Plscr4/Fabp1/Xrcc4/Slco1b2/Slc27a2/Pon1/Crp/Acsl5/Apoc3/Hexb/Lpl/Acacb/Cyp2j5/Atp9a/Xkr9/Ces1e/Spns2/Lipc/Apoa1/Abcc3/Abcd1/Abcb1a/Stard4/Slco1a4/Cav1/Cd36/Fabp2/Sqle/Pctp/Slc27a1/Pltp/Fabp5/Aqp8/Slc10a2/Ces1g/Mup1/Slco1a1
Down-regulated,GO:0046890,regulation of lipid biosynthetic process,39/1288,190/16743,1.263159155077247e-8,3.979694373290432e-6,Atp1a1/Pex2/Ces1c/Ormdl1/Ormdl3/Scarb1/Gpam/Igfbp7/Insig2/Ldlr/Bscl2/Ces1d/Elovl5/Gpld1/Bmp5/Armc5/Fam3a/Fgfr4/Fgf1/Acsl5/Cd74/Apoc3/Erlin1/Dhcr7/Dkk3/Rdh16f2/Pcx/Ces1e/Rgn/Apoa1/Abcd1/Stard4/Slc27a1/Fabp5/Thrsp/Smpd3/Ces1g/Mup1/Serpina12
Down-regulated,GO:0006694,steroid biosynthetic process,33/1288,151/16743,3.3754590036269496e-8,1.004386579079219e-5,Atp1a1/Pex2/Ces1c/Slc27a5/Abcd3/Scarb1/Dhcr24/Igfbp7/Lbr/Insig2/Ces1d/Hsd17b12/Bmp5/Armc5/Slc27a2/Fgfr4/Fgf1/Tm7sf2/Erlin1/Dhcr7/Dkk3/Hmgcr/Hsd17b7/Cyp27a1/Ces1e/Apoa1/Hsd17b10/Stard4/Akr1c20/Hsd17b2/Msmo1/Sqle/Ces1g
Down-regulated,GO:0006869,lipid transport,57/1288,350/16743,4.93116234749442e-8,1.3900687122726375e-5,Cert1/Cptp/Arl8b/Prelid1/Ces1c/Stra6l/Slc27a5/Eprs/Mttp/Abcd3/Plekha8/Aqp9/Prelid3b/Scarb1/Lamtor1/Abca1/Gramd1c/Sigmar1/C2cd2l/Abcb11/Ldlr/Slc10a1/Ces1d/Slc25a17/Slc10a3/Slco2b1/Plscr4/Fabp1/Xrcc4/Slco1b2/Slc27a2/Pon1/Acsl5/Apoc3/Cyp2j5/Atp9a/Xkr9/Ces1e/Spns2/Lipc/Apoa1/Abcc3/Abcd1/Abcb1a/Stard4/Slco1a4/Cav1/Cd36/Fabp2/Pctp/Slc27a1/Pltp/Fabp5/Aqp8/Slc10a2/Ces1g/Slco1a1
Down-regulated,GO:0044242,cellular lipid catabolic process,40/1288,209/16743,6.361618313905729e-8,1.703641384463954e-5,Gcdh/Neu1/Pex2/Abcd3/Scarb1/Echdc1/Abcb11/Lonp2/Acadm/Acot8/Ldlr/Mgll/Adtrp/Plbd1/Bscl2/Ces1d/Abhd16a/Slc25a17/Srd5a3/Acox1/Gpld1/Fabp1/Asah2/Slc27a2/Acsl5/Apoc3/Daglb/Hexb/Eci1/Lpl/Acacb/Nudt7/Lipc/Apoa1/Hsd17b10/Abcd1/Acaa1a/Ehhadh/Enpp2/Smpd3
Down-regulated,GO:1901615,organic hydroxy compound metabolic process,71/1288,481/16743,7.157270110424145e-8,1.8254447005443675e-5,Atp7a/Lmf1/Slc16a2/Cpq/Pex2/Htt/Ces1c/Slc27a5/Hprt/Mttp/Abcd3/Thtpa/Maob/Reln/Ptk2b/Scarb1/Dhcr24/Abca1/Ebpl/Hif1a/Lbr/Abcb11/Insig2/Ldlr/Cln8/Ces1d/Srd5a3/Ippk/Bmp5/Asah2/Slc27a2/Pon1/Fgfr4/Fgf1/Apoc3/Dio1/Tm7sf2/Erlin1/Dhcr7/Dkk3/Hmgcr/Hsd17b7/Acpp/Cyp27a1/Rdh16f2/Pecr/Ly6e/Ces1e/Sult1b1/Lipc/Rbp1/Apoa1/Hsd17b10/Acaa1a/Cyp2e1/Stard4/Aldh1a1/Akr1c20/Akr1b3/Per2/Msmo1/Sqle/Pctp/Pltp/Hao2/Dct/Ugt1a5/Sult2a8/Ces1g/Sult1e1/Serpina12
Down-regulated,GO:1902652,secondary alcohol metabolic process,32/1288,150/16743,9.861328716334177e-8,2.309659840047539e-5,Lmf1/Pex2/Ces1c/Mttp/Scarb1/Dhcr24/Abca1/Lbr/Insig2/Ldlr/Cln8/Ces1d/Pon1/Fgfr4/Fgf1/Apoc3/Tm7sf2/Erlin1/Dhcr7/Hmgcr/Hsd17b7/Cyp27a1/Ces1e/Lipc/Apoa1/Msmo1/Sqle/Pctp/Ugt1a5/Sult2a8/Ces1g/Serpina12
Down-regulated,GO:0019216,regulation of lipid metabolic process,57/1288,357/16743,9.918255474438648e-8,2.309659840047539e-5,Atp1a1/Opa3/Lmf1/Arf1/Pex2/Ces1c/Ormdl1/Ormdl3/Ptk2b/Scarb1/Lamtor1/Gpam/Igfbp7/Abcb11/Lonp2/Insig2/Ldlr/Bscl2/Ces1d/Elovl5/Gpld1/Cers2/Fabp1/Bmp5/Armc5/Fam3a/Fgfr4/Tek/Fgf1/Acsl5/Cd74/Apoc3/Erlin1/Daglb/Dhcr7/Dkk3/Pdk1/Acacb/Nr1d2/Rdh16f2/Gpr39/Pcx/Ces1e/Rgn/Apoa1/Abcd1/Stard4/Cav1/Cd36/Slc27a1/Fabp5/Thrsp/Hcar2/Smpd3/Ces1g/Mup1/Serpina12
Down-regulated,GO:0016042,lipid catabolic process,50/1288,299/16743,1.4104562924843797e-7,3.1476682927276404e-5,Gcdh/Neu1/Pex2/Pafah2/Ces1c/Abcd3/Pafah1b1/Scarb1/Echdc1/Abcb11/Lonp2/Acadm/Acot8/Ldlr/Mgll/Adtrp/Plbd1/Bscl2/Ces1d/Abhd16a/Slc25a17/Srd5a3/Acox1/Gpld1/Fabp1/Asah2/Slc27a2/Acsl5/Apoc3/Pla1a/Daglb/Hexb/Eci1/Lpl/Acacb/Cyp27a1/Nudt7/Ces1e/Lipc/Apoa1/Hsd17b10/Abcd1/Acaa1a/Ehhadh/Enpp6/Enpp2/Hcar2/Smpd3/Ces1g/Sult1e1
Down-regulated,GO:0008206,bile acid metabolic process,15/1288,41/16743,1.6898718099513782e-7,3.6203813656398326e-5,Pex2/Ces1c/Slc27a5/Abcd3/Abcb11/Ces1d/Slc27a2/Fgfr4/Cyp27a1/Ces1e/Hsd17b10/Acaa1a/Stard4/Sult2a8/Ces1g
Down-regulated,GO:0008203,cholesterol metabolic process,30/1288,139/16743,1.8783127825565012e-7,3.869324332066393e-5,Lmf1/Pex2/Ces1c/Mttp/Scarb1/Dhcr24/Abca1/Lbr/Insig2/Ldlr/Cln8/Ces1d/Pon1/Fgf1/Apoc3/Tm7sf2/Erlin1/Dhcr7/Hmgcr/Hsd17b7/Cyp27a1/Ces1e/Lipc/Apoa1/Msmo1/Sqle/Pctp/Sult2a8/Ces1g/Serpina12
Down-regulated,GO:0055088,lipid homeostasis,33/1288,162/16743,1.9778678513505401e-7,3.9152203914529095e-5,Cert1/Pex2/Ces1c/Mttp/Ormdl1/Ormdl3/Scarb1/Lamtor1/Abca1/Gpam/Tmem97/Abcb11/Ldlr/Cln8/Ces1d/Acox1/Rtn4/Fgfr4/Ddx3x/Apoc3/Asgr2/Lpl/Nr1d2/Gpr39/Tlcd2/Ces1e/Lipc/Rbp1/Apoa1/Abcd1/Hdac9/Cav1/Ces1g
Down-regulated,GO:0016125,sterol metabolic process,31/1288,147/16743,2.0467918401919618e-7,3.9152203914529095e-5,Lmf1/Pex2/Ces1c/Mttp/Scarb1/Dhcr24/Abca1/Ebpl/Lbr/Insig2/Ldlr/Cln8/Ces1d/Pon1/Fgf1/Apoc3/Tm7sf2/Erlin1/Dhcr7/Hmgcr/Hsd17b7/Cyp27a1/Ces1e/Lipc/Apoa1/Msmo1/Sqle/Pctp/Sult2a8/Ces1g/Serpina12
Down-regulated,GO:0120254,olefinic compound metabolic process,30/1288,141/16743,2.61274141938358e-7,4.7905563311519436e-5,Cyp2d26/Cyp2c68/Mgll/Bmp5/Cyp2c67/Daglb/Dkk3/Cyp2j5/Rdh16f2/Rbp1/Cyp2b9/Cyp4a32/Cyp2c29/Cyp2a12/Cyp2e1/Aldh1a1/Cyp2j6/Akr1c20/Cyp2c39/Cyp4a10/Cyp2b10/Cyp2a22/Cyp2c70/Cyp2f2/Cyp2c40/Cyp2c37/Cyp2c69/Cyp2c50/Cyp2c54/Cyp2b13
Down-regulated,GO:0007031,peroxisome organization,14/1288,37/16743,2.6832839793606853e-7,4.7905563311519436e-5,Pex14/Pex2/Abcd3/Pex6/Sec16b/Tmem135/Dnm1l/Lonp2/Pex26/Acot8/Acox1/Pex19/Pex12/Abcd1
Down-regulated,GO:0006699,bile acid biosynthetic process,12/1288,28/16743,3.890049040383435e-7,6.510969581341774e-5,Pex2/Ces1c/Slc27a5/Abcd3/Ces1d/Slc27a2/Fgfr4/Cyp27a1/Ces1e/Hsd17b10/Stard4/Ces1g
Down-regulated,GO:0015721,bile acid and bile salt transport,12/1288,28/16743,3.890049040383435e-7,6.510969581341774e-5,Abcd3/Aqp9/Abcb11/Slc10a1/Slc10a3/Slco2b1/Slco1b2/Abcc3/Slco1a4/Aqp8/Slc10a2/Slco1a1
Down-regulated,GO:0042180,cellular ketone metabolic process,40/1288,224/16743,4.3593343453525015e-7,7.075331743547879e-5,Ces1c/Kdsr/Coq5/Aldoa/Ubiad1/Abcb11/Lonp2/Insig2/Ces1d/Elovl5/Fabp1/Bmp5/Fgfr4/Acsl5/Cd74/Ugt1a1/Apoc3/Erlin1/Dkk3/Hmgcr/Pdk1/Acacb/Aadat/Pdss1/Coq10b/Rdh16f2/Ces1e/Rgn/Cyp2b9/Apoa1/Hsd17b10/Abcd1/Stard4/Akr1c20/Akr1b3/Cav1/Cyp2b10/Fabp5/Ces1g/Cyp2b13
Down-regulated,GO:0016126,sterol biosynthetic process,17/1288,58/16743,9.913415611482645e-7,1.561654529855913e-4,Pex2/Ces1c/Dhcr24/Lbr/Insig2/Ces1d/Fgf1/Tm7sf2/Erlin1/Dhcr7/Hmgcr/Hsd17b7/Ces1e/Apoa1/Msmo1/Sqle/Ces1g
Down-regulated,GO:0006695,cholesterol biosynthetic process,16/1288,53/16743,1.328569163247096e-6,1.976615677319846e-4,Pex2/Ces1c/Dhcr24/Lbr/Insig2/Ces1d/Fgf1/Tm7sf2/Erlin1/Dhcr7/Hmgcr/Hsd17b7/Ces1e/Apoa1/Msmo1/Ces1g
Down-regulated,GO:1902653,secondary alcohol biosynthetic process,16/1288,53/16743,1.328569163247096e-6,1.976615677319846e-4,Pex2/Ces1c/Dhcr24/Lbr/Insig2/Ces1d/Fgf1/Tm7sf2/Erlin1/Dhcr7/Hmgcr/Hsd17b7/Ces1e/Apoa1/Msmo1/Ces1g
Down-regulated,GO:1901617,organic hydroxy compound biosynthetic process,36/1288,201/16743,1.5085555667585953e-6,2.183736112313253e-4,Atp7a/Pex2/Htt/Ces1c/Slc27a5/Abcd3/Ptk2b/Dhcr24/Lbr/Insig2/Ces1d/Srd5a3/Ippk/Bmp5/Asah2/Slc27a2/Fgfr4/Fgf1/Tm7sf2/Erlin1/Dhcr7/Dkk3/Hmgcr/Hsd17b7/Cyp27a1/Ces1e/Apoa1/Hsd17b10/Stard4/Akr1b3/Per2/Msmo1/Sqle/Pltp/Dct/Ces1g
Down-regulated,GO:0072594,establishment of protein localization to organelle,57/1288,391/16743,2.0808810533999864e-6,2.93294708473956e-4,Ranbp2/Akap1/Ap3b1/Hdac3/Pex14/Rab10/Pttg1ip/Tomm70a/Ppp2ca/Cct2/Ppp3r1/Pex2/M6pr/Nupl1/Ywhaz/Nup50/Calm1/Ipo7/Cct6a/Pex6/Timm8a1/Hspd1/Srp54b/Vps36/Tomm20/Vps41/Cct3/Kpnb1/Dnaja1/Lonp2/Srp54a/Nolc1/Pex26/Cse1l/Hspa4/Nup93/Ddx5/Pex19/Rnf215/Kpna2/Nup35/E2f3/Elavl1/Bag3/Srp54c/Pex12/Tek/Kpna4/Hspa8/Heatr3/Zfand2a/Cox18/Tnfrsf1a/Pkia/Folr2/Cd36/Pik3r1
Down-regulated,GO:0055092,sterol homeostasis,22/1288,95/16743,2.2986044436297114e-6,3.156750102584804e-4,Pex2/Ces1c/Mttp/Scarb1/Lamtor1/Abca1/Tmem97/Abcb11/Ldlr/Ces1d/Acox1/Fgfr4/Apoc3/Lpl/Gpr39/Ces1e/Lipc/Apoa1/Abcd1/Hdac9/Cav1/Ces1g
Down-regulated,GO:0017038,protein import,37/1288,216/16743,3.25188328988453e-6,4.354271725155386e-4,Ranbp2/Akap1/Hdac3/Pex14/Pttg1ip/Tomm70a/Ppp2ca/Ppp3r1/Pex2/Nupl1/Nup50/Ipo7/Pex6/Hspd1/Tomm20/Kpnb1/Nolc1/Pex26/Cse1l/Hspa4/Nup93/Ddx5/Pex19/Kpna2/Nup35/E2f3/Elavl1/Bag3/Pex12/Tek/Kpna4/Hspa8/Heatr3/Tnfrsf1a/Pkia/Cd36/Pik3r1
Down-regulated,GO:0009062,fatty acid catabolic process,22/1288,98/16743,3.97810871522737e-6,5.196768360672632e-4,Gcdh/Pex2/Abcd3/Echdc1/Abcb11/Lonp2/Acadm/Acot8/Adtrp/Ces1d/Slc25a17/Acox1/Fabp1/Slc27a2/Acsl5/Eci1/Acacb/Nudt7/Hsd17b10/Abcd1/Acaa1a/Ehhadh
Down-regulated,GO:0090207,regulation of triglyceride metabolic process,15/1288,51/16743,4.07958743304445e-6,5.202445307472875e-4,Lmf1/Scarb1/Gpam/Ldlr/Gpld1/Acsl5/Apoc3/Daglb/Rgn/Apoa1/Cd36/Slc27a1/Thrsp/Ces1g/Serpina12
Down-regulated,GO:0000038,very long-chain fatty acid metabolic process,12/1288,34/16743,4.541533763065227e-6,5.656849961622641e-4,Pex2/Slc27a5/Abcd3/Hacd2/Elovl6/Acox1/Elovl5/Slc27a2/Hacd3/Abcd1/Acaa1a/Elovl3
Down-regulated,GO:0042632,cholesterol homeostasis,21/1288,94/16743,7.103891754968639e-6,8.475599147375611e-4,Pex2/Ces1c/Mttp/Scarb1/Lamtor1/Abca1/Tmem97/Abcb11/Ldlr/Ces1d/Acox1/Fgfr4/Apoc3/Lpl/Gpr39/Ces1e/Lipc/Apoa1/Hdac9/Cav1/Ces1g
Down-regulated,GO:0006066,alcohol metabolic process,48/1288,322/16743,7.1210224352483656e-6,8.475599147375611e-4,Lmf1/Pex2/Ces1c/Mttp/Thtpa/Ptk2b/Scarb1/Dhcr24/Abca1/Lbr/Insig2/Ldlr/Cln8/Ces1d/Srd5a3/Ippk/Bmp5/Asah2/Pon1/Fgfr4/Fgf1/Apoc3/Tm7sf2/Erlin1/Dhcr7/Dkk3/Hmgcr/Hsd17b7/Acpp/Cyp27a1/Rdh16f2/Pecr/Ces1e/Sult1b1/Lipc/Rbp1/Apoa1/Aldh1a1/Akr1c20/Akr1b3/Msmo1/Sqle/Pctp/Ugt1a5/Sult2a8/Ces1g/Sult1e1/Serpina12
Down-regulated,GO:0006635,fatty acid beta-oxidation,18/1288,73/16743,7.382000784822431e-6,8.476625475130941e-4,Gcdh/Pex2/Abcd3/Echdc1/Abcb11/Lonp2/Acadm/Slc25a17/Acox1/Fabp1/Slc27a2/Acsl5/Eci1/Acacb/Hsd17b10/Abcd1/Acaa1a/Ehhadh
Down-regulated,GO:0090208,positive regulation of triglyceride metabolic process,11/1288,30/16743,7.438412944943133e-6,8.476625475130941e-4,Scarb1/Gpam/Ldlr/Gpld1/Acsl5/Apoc3/Daglb/Rgn/Apoa1/Cd36/Slc27a1
Down-regulated,GO:0006633,fatty acid biosynthetic process,27/1288,142/16743,9.656168576283966e-6,0.0010774674769703525,Abcd3/Hacd2/Elovl6/Acss2/Insig2/Mgll/Elovl5/Acsf3/Asah2/Hacd3/Cd74/Apoc3/Erlin1/Daglb/Decr2/Lpl/Acacb/Gstm4/Pecr/Scd2/Rgn/Lipc/Apoa1/Abcd1/Ptgis/Fabp5/Elovl3
Down-regulated,GO:0015718,monocarboxylic acid transport,22/1288,104/16743,1.1035089056843404e-5,0.0012062027956827198,Ces1c/Abcd3/Aqp9/Abcb11/Slc10a1/Ces1d/Slc10a3/Slco2b1/Slco1b2/Slc16a5/Ces1e/Abcc3/Abcg2/Slco1a4/Slc16a12/Cd36/Slc27a1/Slc16a11/Aqp8/Slc10a2/Ces1g/Slco1a1
Down-regulated,GO:0062012,regulation of small molecule metabolic process,50/1288,351/16743,1.647694554428371e-5,0.001765010406703671,Igfbp4/Ranbp2/Lmf1/Ppp4r3b/Hmgb1/Ppp1ca/Pex2/Ces1c/Pid1/Ptk2b/Atpsckmt/Hif1a/Abcb11/Lonp2/Acadm/Insig2/Ldlr/Ces1d/Vcp/Foxk2/Elovl5/Gpld1/Fabp1/Bmp5/Fam3a/Fgfr4/Fgf1/Acsl5/Cd74/Ugt1a1/Apoc3/Erlin1/Entpd5/Dhcr7/Dkk3/Pdk1/Acacb/Rdh16f2/Ces1e/Rgn/Apoa1/Abcd1/Stard4/Cav1/Lacc1/Cd36/Fabp5/Ces1g/Mup1/Serpina12
Down-regulated,GO:0006641,triglyceride metabolic process,22/1288,107/16743,1.774618615699119e-5,0.0017988372848588392,Lmf1/Slc27a5/Mttp/Scarb1/Gpam/Insig2/Ldlr/Gpld1/Acsl5/Apoc3/Daglb/Lpl/Rgn/Lipc/Apoa1/Cyp2e1/Cav1/Cd36/Slc27a1/Thrsp/Ces1g/Serpina12
Down-regulated,GO:0035376,sterol import,7/1288,13/16743,1.7800294267647212e-5,0.0017988372848588392,Scarb1/Lamtor1/Ldlr/Apoc3/Apoa1/Stard4/Cd36
Down-regulated,GO:0070508,cholesterol import,7/1288,13/16743,1.7800294267647212e-5,0.0017988372848588392,Scarb1/Lamtor1/Ldlr/Apoc3/Apoa1/Stard4/Cd36
Down-regulated,GO:0043574,peroxisomal transport,9/1288,22/16743,1.8183452937189296e-5,0.00180352914688122,Pex14/Pex2/Abcd3/Pex6/Lonp2/Pex26/Pex19/Pex12/Abcd1
Down-regulated,GO:0019218,regulation of steroid metabolic process,22/1288,108/16743,2.069122829862909e-5,0.0020149494321355893,Atp1a1/Lmf1/Pex2/Ces1c/Lamtor1/Igfbp7/Abcb11/Insig2/Ldlr/Ces1d/Bmp5/Armc5/Fgfr4/Fgf1/Erlin1/Dhcr7/Dkk3/Ces1e/Apoa1/Stard4/Ces1g/Serpina12
Down-regulated,GO:0006914,autophagy,57/1288,422/16743,2.1459616938066777e-5,0.0020164510231629063,Tmbim6/Rragc/Tollip/Tm9sf1/Anxa7/Epg5/Mcl1/Rab1a/Retreg3/Cptp/Arl8b/Hmgb1/Rptor/Cltc/Tgfbrap1/Htt/Vps18/Atg3/Nsfl1c/Arsb/Gopc/Ormdl3/Gpr137/Yod1/Qsox1/Sec16b/Sesn3/Keap1/Hif1a/Vps41/Dap/Ulk2/Dnm1l/Wdr41/Dcn/Nampt/Dram2/Plaa/Smcr8/Vcp/Foxk2/Tmem41b/Atg16l1/Ikbkg/Eva1a/Bag3/Tpcn1/Fez2/Kdr/Trim12c/Trim12a/Hspa8/Plk3/Tmem39a/Irgm1/Hmox1/Trim13
Down-regulated,GO:0061919,process utilizing autophagic mechanism,57/1288,422/16743,2.1459616938066777e-5,0.0020164510231629063,Tmbim6/Rragc/Tollip/Tm9sf1/Anxa7/Epg5/Mcl1/Rab1a/Retreg3/Cptp/Arl8b/Hmgb1/Rptor/Cltc/Tgfbrap1/Htt/Vps18/Atg3/Nsfl1c/Arsb/Gopc/Ormdl3/Gpr137/Yod1/Qsox1/Sec16b/Sesn3/Keap1/Hif1a/Vps41/Dap/Ulk2/Dnm1l/Wdr41/Dcn/Nampt/Dram2/Plaa/Smcr8/Vcp/Foxk2/Tmem41b/Atg16l1/Ikbkg/Eva1a/Bag3/Tpcn1/Fez2/Kdr/Trim12c/Trim12a/Hspa8/Plk3/Tmem39a/Irgm1/Hmox1/Trim13
Down-regulated,GO:0097006,regulation of plasma lipoprotein particle levels,16/1288,65/16743,2.4037109287044028e-5,0.0022118895287846873,Lmf1/Arf1/Mttp/Scarb1/Abca1/Ldlr/Ces1d/Gpld1/Crp/Apoc3/Lpl/Lipc/Apoa1/Cd36/Pltp/Ces1g
Down-regulated,GO:0016054,organic acid catabolic process,34/1288,209/16743,2.4725566237198176e-5,0.0022118895287846873,Gcdh/Shmt2/Pex2/Abcd3/Mccc2/Prodh2/Echdc1/Abcb11/Lonp2/Acadm/Acot8/Blmh/Adtrp/Ces1d/Slc25a17/Gcsh/Acox1/Hmgcl/Acsf3/Fabp1/Slc27a2/Pon1/Scly/Acsl5/Eci1/Ppat/Acacb/Ddah1/Nudt7/Hsd17b10/Abcd1/Acaa1a/Ehhadh/Sult2a8
Down-regulated,GO:0072329,monocarboxylic acid catabolic process,23/1288,117/16743,2.477844879146401e-5,0.0022118895287846873,Gcdh/Pex2/Abcd3/Echdc1/Abcb11/Lonp2/Acadm/Acot8/Adtrp/Ces1d/Slc25a17/Acox1/Fabp1/Slc27a2/Acsl5/Eci1/Acacb/Nudt7/Hsd17b10/Abcd1/Acaa1a/Ehhadh/Sult2a8
Down-regulated,GO:0010867,positive regulation of triglyceride biosynthetic process,8/1288,18/16743,2.608950654030905e-5,0.0022907442136048404,Scarb1/Gpam/Ldlr/Gpld1/Acsl5/Apoc3/Rgn/Slc27a1
Down-regulated,GO:0046165,alcohol biosynthetic process,24/1288,126/16743,2.874047596340093e-5,0.0024828062783866997,Pex2/Ces1c/Ptk2b/Dhcr24/Lbr/Insig2/Ces1d/Srd5a3/Ippk/Bmp5/Asah2/Fgf1/Tm7sf2/Erlin1/Dhcr7/Dkk3/Hmgcr/Hsd17b7/Cyp27a1/Ces1e/Apoa1/Akr1b3/Msmo1/Ces1g
Down-regulated,GO:0006639,acylglycerol metabolic process,25/1288,135/16743,3.2473245060502854e-5,0.0027607412784770363,Lmf1/Slc27a5/Mttp/Scarb1/Gpam/Insig2/Ldlr/Mgll/Ces1d/Abhd16a/Gpld1/Acsl5/Apoc3/Daglb/Lpl/Rgn/Lipc/Apoa1/Cyp2e1/Cav1/Cd36/Slc27a1/Thrsp/Ces1g/Serpina12
Down-regulated,GO:0030497,fatty acid elongation,7/1288,14/16743,3.3232341940324915e-5,0.0027811316161309415,Hacd2/Elovl6/Elovl5/Hacd3/Pecr/Abcd1/Elovl3
Down-regulated,GO:0006638,neutral lipid metabolic process,25/1288,136/16743,3.6930931599201204e-5,0.0030431087637741794,Lmf1/Slc27a5/Mttp/Scarb1/Gpam/Insig2/Ldlr/Mgll/Ces1d/Abhd16a/Gpld1/Acsl5/Apoc3/Daglb/Lpl/Rgn/Lipc/Apoa1/Cyp2e1/Cav1/Cd36/Slc27a1/Thrsp/Ces1g/Serpina12
Down-regulated,GO:0010565,regulation of cellular ketone metabolic process,26/1288,145/16743,4.059935621382168e-5,0.003180491938995356,Ces1c/Abcb11/Lonp2/Insig2/Ces1d/Elovl5/Fabp1/Bmp5/Fgfr4/Acsl5/Cd74/Ugt1a1/Apoc3/Erlin1/Dkk3/Pdk1/Acacb/Rdh16f2/Ces1e/Rgn/Apoa1/Abcd1/Stard4/Cav1/Fabp5/Ces1g
Down-regulated,GO:0010866,regulation of triglyceride biosynthetic process,9/1288,24/16743,4.150877243891871e-5,0.003180491938995356,Scarb1/Gpam/Ldlr/Gpld1/Acsl5/Apoc3/Rgn/Slc27a1/Thrsp
Down-regulated,GO:0015919,peroxisomal membrane transport,8/1288,19/16743,4.202774212784061e-5,0.003180491938995356,Pex14/Pex2/Abcd3/Pex6/Pex26/Pex19/Pex12/Abcd1
Down-regulated,GO:0033865,nucleoside bisphosphate metabolic process,21/1288,105/16743,4.216111420251499e-5,0.003180491938995356,Gcdh/Mccc2/Gpam/Ppcs/Ppcdc/Acss2/Acot8/Ces1d/Hmgcl/Pdhx/Acsl5/Hmgcr/Pdk1/Acacb/Acnat2/Nudt7/Sult1b1/Abcd1/Ehhadh/Sult2a8/Sult1e1
Down-regulated,GO:0033875,ribonucleoside bisphosphate metabolic process,21/1288,105/16743,4.216111420251499e-5,0.003180491938995356,Gcdh/Mccc2/Gpam/Ppcs/Ppcdc/Acss2/Acot8/Ces1d/Hmgcl/Pdhx/Acsl5/Hmgcr/Pdk1/Acacb/Acnat2/Nudt7/Sult1b1/Abcd1/Ehhadh/Sult2a8/Sult1e1
Down-regulated,GO:0034032,purine nucleoside bisphosphate metabolic process,21/1288,105/16743,4.216111420251499e-5,0.003180491938995356,Gcdh/Mccc2/Gpam/Ppcs/Ppcdc/Acss2/Acot8/Ces1d/Hmgcl/Pdhx/Acsl5/Hmgcr/Pdk1/Acacb/Acnat2/Nudt7/Sult1b1/Abcd1/Ehhadh/Sult2a8/Sult1e1
Down-regulated,GO:0046395,carboxylic acid catabolic process,33/1288,207/16743,4.900378759745489e-5,0.0036157356214457457,Gcdh/Shmt2/Pex2/Abcd3/Mccc2/Prodh2/Echdc1/Abcb11/Lonp2/Acadm/Acot8/Blmh/Adtrp/Ces1d/Slc25a17/Gcsh/Acox1/Hmgcl/Acsf3/Fabp1/Slc27a2/Pon1/Acsl5/Eci1/Ppat/Acacb/Ddah1/Nudt7/Hsd17b10/Abcd1/Acaa1a/Ehhadh/Sult2a8
Down-regulated,GO:0006457,protein folding,27/1288,155/16743,4.928093733486546e-5,0.0036157356214457457,Ranbp2/Dnajb12/Dnajb14/Nudcd2/Cct2/Pfdn2/Cct6a/Hspd1/Qsox1/Fkbp4/Cct3/Mesd/Dnaja1/Dnajb2/Pdrg1/Chordc1/Pex19/Dnaja4/Ube4b/Tor1b/Tor1a/Cd74/Entpd5/Hspa4l/Hspa8/Tbcel/Dnajb4
Down-regulated,GO:0006790,sulfur compound metabolic process,44/1288,311/16743,6.12345287295235e-5,0.0044320558902071336,Gss/Gcdh/Eef1g/Thtpa/Bgn/Gpam/Glrx5/Gsr/Ppcs/Ext1/Nubpl/Dcn/Acss2/Acot8/Hpse/Blmh/Ces1d/Hmgcl/Pdhx/Iba57/Pcmt1/Bhmt2/Acsl5/Nox4/Gstt1/Pdk1/Acacb/Acnat2/Acpp/Gstm4/Mat2a/Nudt7/Gstt2/Sult1b1/Abcd1/Ehhadh/Dpep1/Sult5a1/Bhmt/Sult2a8/Sult2a7/Sult1e1/Sult3a2/Sult3a1
Down-regulated,GO:0071825,protein-lipid complex subunit organization,12/1288,43/16743,6.638964719318541e-5,0.004741106004889347,Arf1/Mttp/Snx9/Scarb1/Abca1/Ces1d/Apoc3/Lpl/Lipc/Apoa1/Pltp/Ces1g
Down-regulated,GO:0044282,small molecule catabolic process,45/1288,322/16743,6.8387092776371e-5,0.0048194903803979354,Gcdh/Shmt2/Pex2/Abcd3/Mccc2/Scarb1/Mgat1/Prodh2/Echdc1/Abcb11/Lonp2/Acadm/Acot8/Blmh/Adtrp/Ces1d/Slc25a17/Foxk2/Srd5a3/Gcsh/Pycrl/Acox1/Hmgcl/Acsf3/Fabp1/Slc27a2/Pon1/Scly/Acsl5/Eci1/Ppat/Acacb/Cyp27a1/Urad/Enpp4/Ddah1/Nudt7/Sult1b1/Hsd17b10/Abcd1/Acaa1a/Gale/Ehhadh/Sult2a8/Sult1e1
Down-regulated,GO:0034976,response to endoplasmic reticulum stress,37/1288,248/16743,7.580222852824965e-5,0.005272684883081884,Ubac2/Cops5/Tmbim6/Dnajb12/Cert1/Eif2b5/Creb3l3/Nploc4/Ppp1r15b/Dnajb14/Edem3/Tmem129/Tmx1/Ccdc47/Yod1/Ubxn8/Ubxn4/Fcgr2b/Eif2s1/Dnajb2/Eif2ak2/Vcp/Ikbkg/Usp14/Psmc6/Ube4b/Ermp1/Tor1a/Bfar/Ddx3x/Erlin1/Bak1/Anks4b/Cav1/Pik3r1/Trim13/Ccnd1
Down-regulated,GO:0010498,proteasomal protein catabolic process,61/1288,483/16743,8.326048628385877e-5,0.005717220058158303,Ube2g1/Ubac2/Ube2w/Dnajb12/Fbxw11/Fbxw5/Fbxw8/Psmd12/Fbxl4/Nploc4/Ube2b/Dnajb14/Cul5/Edem3/Tmem129/Psmc3/Appbp2/Gid8/Nsfl1c/Rybp/Psmb3/Ccdc47/Yod1/Ubxn8/Nhlrc3/Psmd4/Psmb1/Cdc27/Rad23b/Ubxn4/Psmc2/Psmb2/Psma7/Ubr3/Psmc5/Cdc34/Psma1/Psma5/Psmc4/Dnajb2/Plaa/Vcp/Kctd2/Psmb4/Trim2/Usp14/Psmd2/Psmc6/Psmd7/Ube4b/Psmd1/Tor1a/Bfar/Erlin1/Plk3/Bag2/Psmd14/Zfand2a/Nudt15/Cav1/Trim13
Down-regulated,GO:0071827,plasma lipoprotein particle organization,11/1288,39/16743,1.1980875726970452e-4,0.008021196299206718,Arf1/Mttp/Scarb1/Abca1/Ces1d/Apoc3/Lpl/Lipc/Apoa1/Pltp/Ces1g
Down-regulated,GO:0090181,regulation of cholesterol metabolic process,11/1288,39/16743,1.1980875726970452e-4,0.008021196299206718,Lmf1/Pex2/Ces1c/Ldlr/Ces1d/Fgf1/Erlin1/Dhcr7/Ces1e/Ces1g/Serpina12
Down-regulated,GO:0055094,response to lipoprotein particle,10/1288,33/16743,1.2573607389239683e-4,0.008314103848983671,Ces1c/Myd88/Ldlr/Adtrp/Ces1d/Lpl/Ces1e/Cd36/Smpd3/Ces1g
Down-regulated,GO:0006606,protein import into nucleus,27/1288,164/16743,1.3300437688010605e-4,0.008687456616705462,Ranbp2/Akap1/Hdac3/Pttg1ip/Ppp2ca/Ppp3r1/Nupl1/Nup50/Ipo7/Kpnb1/Nolc1/Cse1l/Nup93/Ddx5/Kpna2/Nup35/E2f3/Elavl1/Bag3/Tek/Kpna4/Hspa8/Heatr3/Tnfrsf1a/Pkia/Cd36/Pik3r1
Down-regulated,GO:0006520,cellular amino acid metabolic process,36/1288,246/16743,1.4016129378979637e-4,0.009044625175158427,Atp7a/Shmt2/Slc16a2/Adss/Htt/Aasdhppt/Eprs/Mccc2/Farsb/Dars/Prodh2/Aarsd1/Odc1/Ears2/Txnrd1/Nars2/Blmh/Gcsh/Pycrl/Hmgcl/Pcmt1/Scly/Bhmt2/Dio1/Nox4/Glul/Ppat/Aadat/Gm4952/Ddah1/Hsd17b10/Aldh1a1/Dpep1/Ctps/Bhmt/Dct
Down-regulated,GO:0035634,response to stilbenoid,8/1288,22/16743,1.443010355999446e-4,0.009200908888967895,Cyp2b9/Idi1/Cd36/Ifit3/Ly6d/Slc22a7/Mup1/Slco1a1
Down-regulated,GO:0019395,fatty acid oxidation,20/1288,106/16743,1.4840210030537054e-4,0.009351078226300762,Gcdh/Pex2/Abcd3/Echdc1/Abcb11/Lonp2/Acadm/Slc25a17/Acox1/Fabp1/Slc27a2/Acsl5/Eci1/Acacb/Hsd17b10/Abcd1/Acaa1a/Ehhadh/Cd36/Hao2
Down-regulated,GO:0050810,regulation of steroid biosynthetic process,16/1288,75/16743,1.5265505652497304e-4,0.009507214915671577,Atp1a1/Pex2/Ces1c/Igfbp7/Insig2/Ces1d/Bmp5/Armc5/Fgfr4/Fgf1/Erlin1/Dhcr7/Dkk3/Ces1e/Stard4/Ces1g
Down-regulated,GO:0072521,purine-containing compound metabolic process,48/1288,365/16743,1.7915336860556438e-4,0.011029257956912676,Gcdh/Shmt2/Adss/Oga/Prps1l3/Hprt/Pid1/Aldoa/Mccc2/Itpa/Adpgk/Atpsckmt/Gpam/Hif1a/Paics/Impdh2/Ppcs/Ppcdc/Acss2/Acot8/Ces1d/Vcp/Adsl/Foxk2/Nt5e/Hmgcl/Pdhx/Pcmt1/Acsl5/Aprt/Entpd5/Hmgcr/Pdk1/Ppat/Acacb/Acnat2/Acpp/Urad/Enpp4/Nudt7/Sult1b1/Nudt15/Abcd1/Gale/Ehhadh/Lacc1/Sult2a8/Sult1e1
Down-regulated,GO:0034504,protein localization to nucleus,42/1288,307/16743,1.892431327220843e-4,0.011518025214312312,Ranbp2/Akap1/Tor1aip1/Hdac3/Pttg1ip/Txn1/Ppp2ca/Ppp3r1/Htt/Nf2/Nupl1/Ints13/Nup50/Ipo7/Ormdl3/Larp7/Kpnb1/Nolc1/Cse1l/Nup93/Ddx5/Rangap1/Kpna2/Nup35/Sp100/E2f3/Elavl1/Tor1b/Bag3/Tor1a/Parp9/Tek/Kpna4/Dtx3l/Hspa8/Glul/Heatr3/Tnfrsf1a/Pkia/Col1a1/Cd36/Pik3r1
Down-regulated,GO:0051170,import into nucleus,27/1288,168/16743,2.0038034626209742e-4,0.012058844208761728,Ranbp2/Akap1/Hdac3/Pttg1ip/Ppp2ca/Ppp3r1/Nupl1/Nup50/Ipo7/Kpnb1/Nolc1/Cse1l/Nup93/Ddx5/Kpna2/Nup35/E2f3/Elavl1/Bag3/Tek/Kpna4/Hspa8/Heatr3/Tnfrsf1a/Pkia/Cd36/Pik3r1
Down-regulated,GO:0006692,prostanoid metabolic process,12/1288,48/16743,2.105712393554049e-4,0.012393621516346688,Plaa/Acox1/Ces2e/Cd74/Hpgd/Daglb/Tnfrsf1a/Akr1c20/Ces2g/Ptgis/Fabp5/Ces2c
Down-regulated,GO:0006693,prostaglandin metabolic process,12/1288,48/16743,2.105712393554049e-4,0.012393621516346688,Plaa/Acox1/Ces2e/Cd74/Hpgd/Daglb/Tnfrsf1a/Akr1c20/Ces2g/Ptgis/Fabp5/Ces2c
Down-regulated,GO:0055086,nucleobase-containing small molecule metabolic process,59/1288,479/16743,2.1367042299406936e-4,0.012439334625611255,Gcdh/Shmt2/Adss/Oga/Prps1l3/Hprt/Pid1/Aldoa/Mccc2/Fut8/Cmas/Itpa/Adpgk/Mgat1/Atpsckmt/Gpam/Hif1a/Paics/Impdh2/Ppcs/Ppcdc/Entpd6/Acss2/Acot8/Nampt/Ces1d/Vcp/Adsl/Pmm2/Tymp/Foxk2/Nt5e/Pycrl/Hmgcl/Pdhx/Pcmt1/Acsl5/Uck1/Aprt/Entpd5/Hmgcr/Pdk1/Ppat/Acacb/Acnat2/Acpp/Urad/Enpp4/Nudt7/Sult1b1/Nudt15/Abcd1/Gale/Ehhadh/Cmpk2/Lacc1/Ctps/Sult2a8/Sult1e1
Down-regulated,GO:0071402,cellular response to lipoprotein particle stimulus,10/1288,35/16743,2.16440085833057e-4,0.01246508709378337,Ces1c/Myd88/Ldlr/Adtrp/Ces1d/Lpl/Ces1e/Cd36/Smpd3/Ces1g
Down-regulated,GO:0036314,response to sterol,9/1288,29/16743,2.2370320527866365e-4,0.012619756806052831,Ces1c/Tgfbr1/Gramd1c/Insig2/Ces1d/Gpld1/Tgfbr2/Ces1e/Ces1g
Down-regulated,GO:0036503,ERAD pathway,19/1288,101/16743,2.2403961790428724e-4,0.012619756806052831,Ubac2/Dnajb12/Nploc4/Dnajb14/Edem3/Tmem129/Ccdc47/Yod1/Ubxn8/Ubxn4/Dnajb2/Vcp/Usp14/Psmc6/Ube4b/Tor1a/Erlin1/Cav1/Trim13
Down-regulated,GO:0006625,protein targeting to peroxisome,7/1288,18/16743,2.3418239506604456e-4,0.012619756806052831,Pex14/Pex2/Pex6/Lonp2/Pex26/Pex19/Pex12
Down-regulated,GO:0072662,protein localization to peroxisome,7/1288,18/16743,2.3418239506604456e-4,0.012619756806052831,Pex14/Pex2/Pex6/Lonp2/Pex26/Pex19/Pex12
Down-regulated,GO:0072663,establishment of protein localization to peroxisome,7/1288,18/16743,2.3418239506604456e-4,0.012619756806052831,Pex14/Pex2/Pex6/Lonp2/Pex26/Pex19/Pex12
Down-regulated,GO:1904251,regulation of bile acid metabolic process,7/1288,18/16743,2.3418239506604456e-4,0.012619756806052831,Ces1c/Abcb11/Ces1d/Fgfr4/Ces1e/Stard4/Ces1g
Down-regulated,GO:0015850,organic hydroxy compound transport,35/1288,243/16743,2.3561905911226346e-4,0.012619756806052831,Arl8b/Ces1c/Stra6l/Abcd3/Maob/Aqp9/Scarb1/Lamtor1/Abca1/Abcb11/Ldlr/Slc10a1/Ces1d/Slc10a3/Slco2b1/Rtn4/Tor1a/Slco1b2/Pon1/Apoc3/Ly6e/Ces1e/Lipc/Apoa1/Abcc3/Stard4/Slco1a4/Cav1/Cd36/Pltp/Aqp8/Slc10a2/Smpd3/Ces1g/Slco1a1
Down-regulated,GO:0010878,cholesterol storage,8/1288,24/16743,2.888677475952947e-4,0.015168388785494102,Ces1c/Scarb1/Ces1d/Lpl/Ces1e/Stard4/Cd36/Ces1g
Down-regulated,GO:0042537,benzene-containing compound metabolic process,8/1288,24/16743,2.888677475952947e-4,0.015168388785494102,Txnrd1/Ugt1a1/Cyp4b1/Aadat/Gstm4/Acaa1a/Ugt1a6b/Hao2
Down-regulated,GO:0019915,lipid storage,17/1288,87/16743,2.9510491706740197e-4,0.015197513089024646,Ces1c/Scarb1/Tmem135/Bscl2/Ces1d/Crp/Hexb/Lpl/Acacb/Ces1e/Apoa1/Stard4/Cav1/Cd36/Sqle/Ces1g/Mup1
Down-regulated,GO:0045834,positive regulation of lipid metabolic process,27/1288,172/16743,2.965302440468852e-4,0.015197513089024646,Ces1c/Ptk2b/Scarb1/Gpam/Ldlr/Ces1d/Elovl5/Gpld1/Fabp1/Tek/Fgf1/Acsl5/Cd74/Apoc3/Daglb/Rdh16f2/Pcx/Ces1e/Rgn/Apoa1/Abcd1/Stard4/Cd36/Slc27a1/Smpd3/Ces1g/Mup1
Down-regulated,GO:0010875,positive regulation of cholesterol efflux,9/1288,30/16743,2.9793481597229047e-4,0.015197513089024646,Ces1c/Abca1/Ces1d/Pon1/Ces1e/Apoa1/Cav1/Pltp/Ces1g
Down-regulated,GO:0034440,lipid oxidation,20/1288,112/16743,3.2005255225626565e-4,0.01617171198004301,Gcdh/Pex2/Abcd3/Echdc1/Abcb11/Lonp2/Acadm/Slc25a17/Acox1/Fabp1/Slc27a2/Acsl5/Eci1/Acacb/Hsd17b10/Abcd1/Acaa1a/Ehhadh/Cd36/Hao2
Down-regulated,GO:0043161,proteasome-mediated ubiquitin-dependent protein catabolic process,51/1288,405/16743,3.3166358095400674e-4,0.0165786768676243,Ube2g1/Ube2w/Dnajb12/Fbxw11/Fbxw5/Fbxw8/Psmd12/Fbxl4/Ube2b/Dnajb14/Cul5/Edem3/Tmem129/Psmc3/Appbp2/Gid8/Nsfl1c/Rybp/Psmb3/Ccdc47/Yod1/Ubxn8/Nhlrc3/Psmd4/Cdc27/Rad23b/Ubxn4/Psmc2/Ubr3/Psmc5/Cdc34/Psma5/Psmc4/Dnajb2/Plaa/Vcp/Kctd2/Trim2/Usp14/Psmd2/Psmc6/Psmd7/Ube4b/Psmd1/Bfar/Erlin1/Plk3/Psmd14/Zfand2a/Cav1/Trim13
Down-regulated,GO:0015914,phospholipid transport,16/1288,80/16743,3.3429744243902617e-4,0.0165786768676243,Cptp/Prelid1/Mttp/Prelid3b/Scarb1/Abca1/Ldlr/Plscr4/Xrcc4/Apoc3/Atp9a/Xkr9/Apoa1/Abcb1a/Pctp/Pltp
Down-regulated,GO:0002486,"antigen processing and presentation of endogenous peptide antigen via MHC class I via ER pathway, TAP-independent",7/1288,19/16743,3.462726092799967e-4,0.016860328139124203,H2-Q10/H2-Q7/H2-Q4/H2-T22/H2-K1/H2-T23/H2-Q6
Down-regulated,GO:0043691,reverse cholesterol transport,7/1288,19/16743,3.462726092799967e-4,0.016860328139124203,Ces1c/Scarb1/Abca1/Ces1d/Ces1e/Apoa1/Ces1g
Down-regulated,GO:0030433,ubiquitin-dependent ERAD pathway,16/1288,81/16743,3.8733244209101283e-4,0.01862197148712624,Dnajb12/Dnajb14/Edem3/Tmem129/Ccdc47/Yod1/Ubxn8/Ubxn4/Dnajb2/Vcp/Usp14/Psmc6/Ube4b/Erlin1/Cav1/Trim13
Down-regulated,GO:0002475,antigen processing and presentation via MHC class Ib,8/1288,25/16743,3.963601100695279e-4,0.01862197148712624,Ap3b1/H2-Q10/H2-Q7/H2-Q4/H2-T22/H2-K1/H2-T23/H2-Q6
Down-regulated,GO:0070723,response to cholesterol,8/1288,25/16743,3.963601100695279e-4,0.01862197148712624,Ces1c/Tgfbr1/Gramd1c/Ces1d/Gpld1/Tgfbr2/Ces1e/Ces1g
Down-regulated,GO:1903077,negative regulation of protein localization to plasma membrane,8/1288,25/16743,3.963601100695279e-4,0.01862197148712624,Tmbim1/Cltc/Picalm/Gopc/Pid1/Mrap/Pkdcc/Lyplal1
Down-regulated,GO:1903828,negative regulation of cellular protein localization,22/1288,131/16743,4.04466654524236e-4,0.01883759479679833,Ubac2/Akap1/Hdac3/Txn1/Tmbim1/Ppp2ca/Cltc/Arf6/Picalm/Nsfl1c/Gopc/Pid1/Yod1/Mrap/Dnaja1/Rangap1/Sp100/Bag3/Pkdcc/Lyplal1/Pkia/Cd36
Down-regulated,GO:0050994,regulation of lipid catabolic process,14/1288,66/16743,4.126046166146174e-4,0.01893849281498055,Scarb1/Abcb11/Lonp2/Ldlr/Bscl2/Gpld1/Fabp1/Acsl5/Apoc3/Daglb/Acacb/Apoa1/Abcd1/Hcar2
Down-regulated,GO:0006820,anion transport,52/1288,419/16743,4.137049401330703e-4,0.01893849281498055,Clcn4/Clcn3/Slc35a3/Cptp/Prnp/Ttyh2/Ces1c/Myo6/Abcd3/Gopc/Aqp9/Slc20a2/Ank/Abcb11/Slc25a22/Cln8/Slc10a1/Ces1d/Slc25a38/Slc25a17/Slc10a3/Slco2b1/Slco1b2/Slc20a1/Fgfr4/Clcn7/Slc23a1/Slc26a1/Slc16a5/Pdzk1/Slc25a15/Slc2a2/Slc17a3/Ces1e/Abcc3/Abcb1a/Abcg2/Folr2/Slco1a4/Slc16a12/Slc34a2/Per2/Cd36/Slc27a1/Slc17a4/Slc16a11/Aqp8/Slc10a2/Slc4a11/Slc22a7/Ces1g/Slco1a1
Down-regulated,GO:0035966,response to topologically incorrect protein,23/1288,140/16743,4.182193540703014e-4,0.018982905596614696,Cops5/Tmbim6/Ube2w/Dnajb12/Creb3l3/Dnajb14/Edem3/Tmem129/Hspd1/Yod1/Ubxn4/Eif2s1/Eif2ak2/Vcp/Ermp1/Bag3/Tor1a/Bfar/Hspa4l/Hspa8/Bak1/Pik3r1/Ccnd1
Down-regulated,GO:0002476,antigen processing and presentation of endogenous peptide antigen via MHC class Ib,7/1288,20/16743,4.975484099902378e-4,0.022207244032564282,H2-Q10/H2-Q7/H2-Q4/H2-T22/H2-K1/H2-T23/H2-Q6
Down-regulated,GO:0002484,antigen processing and presentation of endogenous peptide antigen via MHC class I via ER pathway,7/1288,20/16743,4.975484099902378e-4,0.022207244032564282,H2-Q10/H2-Q7/H2-Q4/H2-T22/H2-K1/H2-T23/H2-Q6
Down-regulated,GO:0006167,AMP biosynthetic process,6/1288,15/16743,5.589755865044977e-4,0.024539944600967947,Adss/Hprt/Paics/Adsl/Aprt/Ppat
Down-regulated,GO:0070857,regulation of bile acid biosynthetic process,6/1288,15/16743,5.589755865044977e-4,0.024539944600967947,Ces1c/Ces1d/Fgfr4/Ces1e/Stard4/Ces1g
Down-regulated,GO:0019432,triglyceride biosynthetic process,10/1288,39/16743,5.650077114228482e-4,0.024603100019355895,Scarb1/Gpam/Ldlr/Gpld1/Acsl5/Apoc3/Lpl/Rgn/Slc27a1/Thrsp
Down-regulated,GO:0006163,purine nucleotide metabolic process,44/1288,344/16743,5.945070894734546e-4,0.025678870735643733,Gcdh/Adss/Oga/Prps1l3/Hprt/Pid1/Aldoa/Mccc2/Itpa/Adpgk/Atpsckmt/Gpam/Hif1a/Paics/Impdh2/Ppcs/Ppcdc/Acss2/Acot8/Ces1d/Vcp/Adsl/Foxk2/Nt5e/Hmgcl/Pdhx/Acsl5/Aprt/Entpd5/Hmgcr/Pdk1/Ppat/Acacb/Acnat2/Urad/Nudt7/Sult1b1/Nudt15/Abcd1/Gale/Ehhadh/Lacc1/Sult2a8/Sult1e1
Down-regulated,GO:0035967,cellular response to topologically incorrect protein,19/1288,110/16743,6.857055327188677e-4,0.028529182529883818,Cops5/Tmbim6/Ube2w/Dnajb12/Creb3l3/Dnajb14/Hspd1/Yod1/Eif2s1/Eif2ak2/Vcp/Ermp1/Bag3/Tor1a/Bfar/Hspa8/Bak1/Pik3r1/Ccnd1
Down-regulated,GO:0002428,antigen processing and presentation of peptide antigen via MHC class Ib,7/1288,21/16743,6.971025667604316e-4,0.028529182529883818,H2-Q10/H2-Q7/H2-Q4/H2-T22/H2-K1/H2-T23/H2-Q6
Down-regulated,GO:0010874,regulation of cholesterol efflux,10/1288,40/16743,7.020535101689803e-4,0.028529182529883818,Ces1c/Lamtor1/Abca1/Ces1d/Pon1/Ces1e/Apoa1/Cav1/Pltp/Ces1g
Down-regulated,GO:0046461,neutral lipid catabolic process,10/1288,40/16743,7.020535101689803e-4,0.028529182529883818,Ldlr/Mgll/Ces1d/Abhd16a/Gpld1/Apoc3/Daglb/Lpl/Lipc/Apoa1
Down-regulated,GO:0046464,acylglycerol catabolic process,10/1288,40/16743,7.020535101689803e-4,0.028529182529883818,Ldlr/Mgll/Ces1d/Abhd16a/Gpld1/Apoc3/Daglb/Lpl/Lipc/Apoa1
Down-regulated,GO:0090317,negative regulation of intracellular protein transport,11/1288,47/16743,7.043909816167322e-4,0.028529182529883818,Ubac2/Akap1/Hdac3/Txn1/Ppp2ca/Yod1/Rangap1/Sp100/Bag3/Pkia/Cd36
Down-regulated,GO:0034367,protein-containing complex remodeling,8/1288,27/16743,7.084356378779963e-4,0.028529182529883818,Mttp/Gtf2e1/Scarb1/Apoc3/Lpl/Lipc/Apoa1/Pltp
Down-regulated,GO:0046823,negative regulation of nucleocytoplasmic transport,8/1288,27/16743,7.084356378779963e-4,0.028529182529883818,Akap1/Hdac3/Txn1/Ppp2ca/Rangap1/Sp100/Pkia/Cd36
Down-regulated,GO:1904376,negative regulation of protein localization to cell periphery,8/1288,27/16743,7.084356378779963e-4,0.028529182529883818,Tmbim1/Cltc/Picalm/Gopc/Pid1/Mrap/Pkdcc/Lyplal1
Down-regulated,GO:0048193,Golgi vesicle transport,36/1288,269/16743,7.948616106486628e-4,0.031770737213688345,Vapa/Steep1/Golga7/Copb1/Lmf1/Arf1/Rab1a/Rab10/Trappc5/Ankfy1/Cog5/Lman2/Htt/Vamp3/Ap1g1/Ykt6/Kdelr2/Trip11/Exoc2/Gopc/Sar1a/Stx18/Lman1/Sec16b/Vps41/Tmed5/Vcp/Rab6a/Rnf215/Arf4/Ier3ip1/Ank3/Krt18/Pkdcc/Atp9a/Lyplal1
Down-regulated,GO:0009812,flavonoid metabolic process,5/1288,11/16743,8.332915424188988e-4,0.03294059100723618,Ugt1a1/Ugt1a6a/Sult1b1/Ugt1a6b/Ugt1a5
Down-regulated,GO:1902001,fatty acid transmembrane transport,6/1288,16/16743,8.364302421553623e-4,0.03294059100723618,Slc27a5/Abcd3/Acsl5/Abcd1/Cd36/Slc27a1
Down-regulated,GO:0046033,AMP metabolic process,8/1288,28/16743,9.256118788723767e-4,0.03618669506014927,Adss/Hprt/Paics/Adsl/Nt5e/Aprt/Ppat/Urad
Down-regulated,GO:0010885,regulation of cholesterol storage,7/1288,22/16743,9.550766146353273e-4,0.03652299246639922,Ces1c/Scarb1/Ces1d/Lpl/Ces1e/Cd36/Ces1g
Down-regulated,GO:0051791,medium-chain fatty acid metabolic process,7/1288,22/16743,9.550766146353273e-4,0.03652299246639922,Ces1c/Acadm/Ces1d/Ces1e/Cyp4a32/Cyp4a10/Ces1g
Down-regulated,GO:0071404,cellular response to low-density lipoprotein particle stimulus,7/1288,22/16743,9.550766146353273e-4,0.03652299246639922,Ces1c/Ldlr/Ces1d/Lpl/Ces1e/Cd36/Ces1g
Down-regulated,GO:0006888,endoplasmic reticulum to Golgi vesicle-mediated transport,19/1288,113/16743,9.614902796419512e-4,0.03652299246639922,Vapa/Steep1/Copb1/Lmf1/Arf1/Rab1a/Trappc5/Lman2/Htt/Ykt6/Kdelr2/Trip11/Sar1a/Stx18/Lman1/Sec16b/Tmed5/Vcp/Ier3ip1
Down-regulated,GO:0006643,membrane lipid metabolic process,25/1288,167/16743,9.93382624901824e-4,0.037468713654747667,Agmo/Cert1/Neu1/Kdsr/Pigg/St3gal1/Ormdl1/Ormdl3/Hacd2/Elovl6/Cers6/Cln8/Elovl5/Gpld1/Cers2/Asah2/Hacd3/Crem/Pigh/Hexb/St3gal6/Spns2/Enpp2/Smpd3/Elovl3
Down-regulated,GO:0010256,endomembrane system organization,54/1288,457/16743,0.0010417264668154116,0.03901739130254087,Steep1/Tor1aip1/Cert1/Ap3b1/Atl2/Atl3/Fbxw8/Rab1a/Rab10/Nploc4/Arl8b/Cltc/Lman2/Pacsin2/Htt/Vps18/Ywhaz/Baiap2l1/Prmt5/Trip11/Emd/Snx9/Nsfl1c/Ccdc47/Stx18/Pafah1b1/Lman1/Sec16b/Lamtor1/Abca1/Pi4k2a/Ubl4a/Shtn1/Tmed5/Lemd3/Nup93/Emc1/Plscr4/Armh3/Cavin2/Rtn4/Xrcc4/Tor1b/Tor1a/Ank3/Plk3/Gsn/Xkr9/Tlcd2/Abcd1/Folr2/Rab30/Cav1/Csrp3
Down-regulated,GO:0050892,intestinal absorption,10/1288,42/16743,0.001058578966144122,0.03937325654630498,Scarb1/Ldlr/Fabp1/Ezr/Apoa1/Abcb1a/Abcg2/Cd36/Pls1/Fabp2
Down-regulated,GO:0006753,nucleoside phosphate metabolic process,51/1288,427/16743,0.001118917138687446,0.04133048410213766,Gcdh/Adss/Oga/Prps1l3/Hprt/Pid1/Aldoa/Mccc2/Itpa/Adpgk/Atpsckmt/Gpam/Hif1a/Paics/Impdh2/Ppcs/Ppcdc/Entpd6/Acss2/Acot8/Nampt/Ces1d/Vcp/Adsl/Tymp/Foxk2/Nt5e/Hmgcl/Pdhx/Acsl5/Uck1/Aprt/Entpd5/Hmgcr/Pdk1/Ppat/Acacb/Acnat2/Acpp/Urad/Nudt7/Sult1b1/Nudt15/Abcd1/Gale/Ehhadh/Cmpk2/Lacc1/Ctps/Sult2a8/Sult1e1
Down-regulated,GO:1901605,alpha-amino acid metabolic process,25/1288,169/16743,0.0011812926745194915,0.04317390750778412,Atp7a/Shmt2/Adss/Htt/Aasdhppt/Prodh2/Odc1/Txnrd1/Blmh/Gcsh/Pycrl/Pcmt1/Scly/Bhmt2/Nox4/Glul/Ppat/Aadat/Gm4952/Ddah1/Hsd17b10/Dpep1/Ctps/Bhmt/Dct
Down-regulated,GO:0006766,vitamin metabolic process,14/1288,73/16743,0.0011894838421025989,0.04317390750778412,Shmt2/Thtpa/Ubiad1/Fgfr4/Mmab/Acpp/Cyp27a1/Vnn3/Rdh16f2/Rgn/Rbp1/Vnn1/Pltp/Ugt1a5
Down-regulated,GO:0051923,sulfation,8/1288,29/16743,0.001193005659289031,0.04317390750778412,Ext1/Sult1b1/Sult5a1/Sult2a8/Sult2a7/Sult1e1/Sult3a2/Sult3a1
Down-regulated,GO:0006177,GMP biosynthetic process,6/1288,17/16743,0.0012090699835883274,0.04346160289999384,Hprt/Paics/Impdh2/Adsl/Aprt/Ppat
Down-regulated,GO:0045185,maintenance of protein location,17/1288,98/16743,0.0012229458663478858,0.04366732040106184,Hdac3/Txn1/Kdelr2/Gopc/Keap1/Insig2/Ankrd13c/Igsf11/Fbn1/Rangap1/Sp100/Nfkbib/Ank3/Ltbp1/Gsn/Cav1/Fbn2
Down-regulated,GO:0009117,nucleotide metabolic process,50/1288,419/16743,0.0012691660481220582,0.04460839122417816,Gcdh/Adss/Oga/Prps1l3/Hprt/Pid1/Aldoa/Mccc2/Itpa/Adpgk/Atpsckmt/Gpam/Hif1a/Paics/Impdh2/Ppcs/Ppcdc/Acss2/Acot8/Nampt/Ces1d/Vcp/Adsl/Tymp/Foxk2/Nt5e/Hmgcl/Pdhx/Acsl5/Uck1/Aprt/Entpd5/Hmgcr/Pdk1/Ppat/Acacb/Acnat2/Acpp/Urad/Nudt7/Sult1b1/Nudt15/Abcd1/Gale/Ehhadh/Cmpk2/Lacc1/Ctps/Sult2a8/Sult1e1
Down-regulated,GO:0009168,purine ribonucleoside monophosphate biosynthetic process,7/1288,23/16743,0.0012826161778423145,0.04460839122417816,Adss/Hprt/Paics/Impdh2/Adsl/Aprt/Ppat
Down-regulated,GO:0036315,cellular response to sterol,7/1288,23/16743,0.0012826161778423145,0.04460839122417816,Ces1c/Gramd1c/Insig2/Ces1d/Gpld1/Ces1e/Ces1g
Down-regulated,GO:0046040,IMP metabolic process,7/1288,23/16743,0.0012826161778423145,0.04460839122417816,Adss/Hprt/Paics/Adsl/Aprt/Ppat/Urad
Down-regulated,GO:0061077,chaperone-mediated protein folding,12/1288,58/16743,0.001318807362821878,0.04552563134690772,Dnajb12/Dnajb14/Cct2/Fkbp4/Dnajb2/Chordc1/Pex19/Tor1b/Tor1a/Cd74/Hspa8/Dnajb4
Down-regulated,GO:0016558,protein import into peroxisome matrix,5/1288,12/16743,0.0013383287455673782,0.04552563134690772,Pex14/Pex2/Pex6/Pex26/Pex12
Down-regulated,GO:0042761,very long-chain fatty acid biosynthetic process,5/1288,12/16743,0.0013383287455673782,0.04552563134690772,Hacd2/Elovl6/Elovl5/Hacd3/Elovl3
Down-regulated,GO:0015711,organic anion transport,39/1288,307/16743,0.0013443299094880491,0.04552563134690772,Slc35a3/Cptp/Ces1c/Myo6/Abcd3/Aqp9/Abcb11/Slc25a22/Cln8/Slc10a1/Ces1d/Slc25a38/Slc25a17/Slc10a3/Slco2b1/Slco1b2/Slc23a1/Slc26a1/Slc16a5/Slc25a15/Slc2a2/Slc17a3/Ces1e/Abcc3/Abcg2/Folr2/Slco1a4/Slc16a12/Per2/Cd36/Slc27a1/Slc17a4/Slc16a11/Aqp8/Slc10a2/Slc4a11/Slc22a7/Ces1g/Slco1a1
Down-regulated,GO:0015849,organic acid transport,36/1288,277/16743,0.0013514890560415102,0.04552563134690772,Slc16a2/Myo6/Slc27a5/Eprs/Abcd3/Aqp9/Abcb11/Slc25a22/Cln8/Slc10a1/Slc25a38/Slc25a17/Slc10a3/Slco2b1/Fabp1/Slc25a45/Slco1b2/Slc27a2/Acsl5/Slc23a1/Slc26a1/Slc25a15/Abcc3/Abcd1/Abcb1a/Abcg2/Folr2/Slco1a4/Per2/Cd36/Fabp2/Slc27a1/Fabp5/Aqp8/Slc10a2/Slco1a1
Down-regulated,GO:0009259,ribonucleotide metabolic process,42/1288,338/16743,0.0013882177926899343,0.04647059061029555,Gcdh/Adss/Hprt/Pid1/Aldoa/Mccc2/Itpa/Adpgk/Atpsckmt/Gpam/Hif1a/Paics/Impdh2/Ppcs/Ppcdc/Acss2/Acot8/Ces1d/Vcp/Adsl/Foxk2/Nt5e/Hmgcl/Pdhx/Acsl5/Uck1/Aprt/Entpd5/Hmgcr/Pdk1/Ppat/Acacb/Acnat2/Urad/Nudt7/Sult1b1/Abcd1/Gale/Ehhadh/Ctps/Sult2a8/Sult1e1
Down-regulated,GO:0019693,ribose phosphate metabolic process,43/1288,349/16743,0.0014498390944698652,0.04823191422348198,Gcdh/Adss/Prps1l3/Hprt/Pid1/Aldoa/Mccc2/Itpa/Adpgk/Atpsckmt/Gpam/Hif1a/Paics/Impdh2/Ppcs/Ppcdc/Acss2/Acot8/Ces1d/Vcp/Adsl/Foxk2/Nt5e/Hmgcl/Pdhx/Acsl5/Uck1/Aprt/Entpd5/Hmgcr/Pdk1/Ppat/Acacb/Acnat2/Urad/Nudt7/Sult1b1/Abcd1/Gale/Ehhadh/Ctps/Sult2a8/Sult1e1
Down-regulated,GO:0009636,response to toxic substance,19/1288,117/16743,0.0014727915901027971,0.04869303553450976,Atp7a/Ccs/Hif1a/Blmh/Ces1d/Eif2ak2/Pon1/Slc23a1/Ahr/Bak1/Fbln5/Slc17a3/Abcb1a/Abcg2/Aldh1a1/Aldh1a7/Cd36/Cyp2f2/Scn8a
Down-regulated,GO:0009150,purine ribonucleotide metabolic process,40/1288,319/16743,0.0015036703695540388,0.048994041166423904,Gcdh/Adss/Hprt/Pid1/Aldoa/Mccc2/Itpa/Adpgk/Atpsckmt/Gpam/Hif1a/Paics/Impdh2/Ppcs/Ppcdc/Acss2/Acot8/Ces1d/Vcp/Adsl/Foxk2/Nt5e/Hmgcl/Pdhx/Acsl5/Aprt/Entpd5/Hmgcr/Pdk1/Ppat/Acacb/Acnat2/Urad/Nudt7/Sult1b1/Abcd1/Gale/Ehhadh/Sult2a8/Sult1e1
Down-regulated,GO:0006637,acyl-CoA metabolic process,15/1288,83/16743,0.0015181492126490614,0.048994041166423904,Gcdh/Gpam/Ppcs/Acss2/Acot8/Ces1d/Hmgcl/Pdhx/Acsl5/Pdk1/Acacb/Acnat2/Nudt7/Abcd1/Ehhadh
Down-regulated,GO:0035383,thioester metabolic process,15/1288,83/16743,0.0015181492126490614,0.048994041166423904,Gcdh/Gpam/Ppcs/Acss2/Acot8/Ces1d/Hmgcl/Pdhx/Acsl5/Pdk1/Acacb/Acnat2/Nudt7/Abcd1/Ehhadh
Down-regulated,GO:0009119,ribonucleoside metabolic process,8/1288,30/16743,0.001518485965949658,0.048994041166423904,Hprt/Nt5e/Pycrl/Pcmt1/Aprt/Acpp/Urad/Enpp4
Up-regulated,GO:0016584,nucleosome positioning,7/1162,13/16743,9.013970645965073e-6,0.04535830029049624,H1f3/H1f2/H1f1/H1f5/H1f4/Prdm9/H1f0
